1	Dulciana    Janikowski	djanikowski0@skype.com	Agender	228.142.65.148
2	Kalinda	Fallowfield	kfallowfield1@redcross.org	Polygender	86.181.171.191
3	Tilly	Vaillant	tvaillant2@jimdo.com	Agender	117.12.66.11
4	Abran	Praill	apraill3@123-reg.co.uk	Male	168.49.186.217
5	Ev	Bynert	ebynert4@livejournal.com	Female	213.175.17.28
6	Faustine	Engelbrecht	fengelbrecht5@ted.com	Bigender	137.175.160.9
7	Andrea	Valett	avalett6@abc.net.au	Male	48.180.189.14
8	Elinor	Hattersley	ehattersley7@msn.com	Polygender	132.106.24.248
9	Gaile	Goodall	ggoodall8@sphinn.com	Male	22.68.38.149
10	Lissa	Dubois	ldubois9@marketwatch.com	Agender	199.215.93.239
11	Elihu	Meace	emeacea@google.com	Non-binary	204.227.169.184
12	Alexandros	de Cullip	adecullipb@jiathis.com	Genderfluid	47.49.141.184
13	Aleda	McKirton	amckirtonc@answers.com	Genderfluid	233.167.46.141
14	Danit	Sharrem	dsharremd@wikipedia.org	Genderfluid	189.47.225.15
15	Rudolfo	Huffy	rhuffye@springer.com	Bigender	101.167.236.253
16	Viki	Tunbridge	vtunbridgef@miitbeian.gov.cn	Non-binary	191.170.150.168
17	Joby	Looks	jlooksg@list-manage.com	Genderfluid	175.168.240.200
18	Eal	Shepstone	eshepstoneh@bing.com	Non-binary	1.246.132.158
19	Kai	Garthshore	kgarthshorei@nytimes.com	Genderfluid	132.190.132.76
20	Nola	Brame	nbramej@ebay.co.uk	Genderqueer	141.121.151.56
21	Kiri	De Cleyne	kdecleynek@rambler.ru	Genderfluid	52.39.119.187
22	Rhianna	Conahy	rconahyl@nature.com	Non-binary	104.251.209.138
23	Dory	Darrigone	ddarrigonem@house.gov	Bigender	205.166.39.185
24	Karel	Brockwell	kbrockwelln@dedecms.com	Male	145.32.208.162
25	Derrick	Haldane	dhaldaneo@jigsy.com	Polygender	137.75.68.110
26	Brenden	Ungerer	bungererp@prlog.org	Non-binary	75.148.121.70
27	Claire	Wilds	cwildsq@examiner.com	Male	171.41.201.140
28	Tucker	Edmonstone	tedmonstoner@xrea.com	Polygender	72.203.227.11
29	Cynthie	Davoren	cdavorens@odnoklassniki.ru	Male	60.87.35.95
30	Donica	Wylie	dwyliet@adobe.com	Male	133.124.65.148
31	Syman	Trumble	strumbleu@posterous.com	Bigender	232.33.58.16
32	Gannie	Aisman	gaismanv@ted.com	Genderfluid	113.119.86.248
33	Tyson	Beningfield	tbeningfieldw@amazonaws.com	Genderfluid	211.95.72.94
34	Aeriela	Fullilove	afullilovex@delicious.com	Male	129.203.154.134
35	Rivalee	Trim	rtrimy@indiegogo.com	Bigender	53.52.223.126
36	Broddie	Marwick	bmarwickz@topsy.com	Polygender	105.213.149.55
37	Miltie	Norrie	mnorrie10@oracle.com	Female	4.8.118.31
38	Ilsa	Castenda	icastenda11@cocolog-nifty.com	Female	187.244.89.225
39	Annmaria	Hagwood	ahagwood12@ow.ly	Genderfluid	75.139.189.50
40	Herta	Stentiford	hstentiford13@smugmug.com	Genderfluid	253.149.24.129
41	Muffin	Belsher	mbelsher14@mail.ru	Female	190.22.233.12
42	Tallulah	Border	tborder15@cocolog-nifty.com	Agender	206.125.36.108
43	Tiffany	Ebbett	tebbett16@newyorker.com	Male	198.249.244.166
44	Brucie	Massimo	bmassimo17@paypal.com	Male	219.97.67.227
45	Georgeanna	Luter	gluter18@people.com.cn	Genderqueer	165.118.1.167
46	Patten	Enevoldsen	penevoldsen19@1688.com	Polygender	45.65.42.156
47	Lennard	Brehat	lbrehat1a@wikispaces.com	Genderfluid	102.118.73.172
48	Enos	Aveling	eaveling1b@vk.com	Genderqueer	224.196.161.102
49	Ella	Cattroll	ecattroll1c@jugem.jp	Male	127.164.180.227
50	Whit	McCollum	wmccollum1d@google.ru	Female	48.166.249.54
51	Carter	Pearton	cpearton1e@youtube.com	Agender	233.228.166.34
52	Jerrilee	Terbrug	jterbrug1f@ifeng.com	Genderqueer	83.226.33.39
53	Berget	Peperell	bpeperell1g@bbc.co.uk	Agender	201.206.220.135
54	Sharia	Felten	sfelten1h@opensource.org	Non-binary	92.203.237.22
55	Vernon	Gabriel	vgabriel1i@cmu.edu	Non-binary	115.11.27.228
56	Mignon	Deave	mdeave1j@vk.com	Female	47.134.154.200
57	Kimble	Kyngdon	kkyngdon1k@symantec.com	Non-binary	164.162.42.59
58	Jecho	Cafferty	jcafferty1l@amazon.de	Bigender	105.122.245.69
59	Herculie	Olivetta	holivetta1m@scientificamerican.com	Genderqueer	190.47.102.107
60	Tomas	Jurasek	tjurasek1n@earthlink.net	Non-binary	215.246.24.131
61	Aindrea	McNeill	amcneill1o@google.ca	Genderqueer	71.145.140.253
62	Spenser	Tindle	stindle1p@cafepress.com	Polygender	184.177.19.132
63	Brande	Edland	bedland1q@1688.com	Non-binary	115.222.225.145
64	Sapphire	Muir	smuir1r@elegantthemes.com	Genderfluid	175.29.204.230
65	Katie	Abarough	kabarough1s@alibaba.com	Polygender	119.15.213.233
66	Tessa	Schouthede	tschouthede1t@nytimes.com	Polygender	179.47.128.15
67	Jeanne	Khalid	jkhalid1u@wikimedia.org	Agender	86.17.14.39
68	Thaddeus	Hunnybun	thunnybun1v@about.com	Female	153.181.129.155
69	Jeddy	Howie	jhowie1w@dailymail.co.uk	Genderfluid	82.222.217.148
70	Aundrea	Phittiplace	aphittiplace1x@nbcnews.com	Male	91.249.47.69
71	Gerald	Pedwell	gpedwell1y@ed.gov	Female	18.36.218.98
72	Goran	Lorryman	glorryman1z@aol.com	Bigender	7.109.167.190
73	Caresse	Loisi	cloisi20@skyrock.com	Agender	111.65.36.1
74	Babette	Hannant	bhannant21@nsw.gov.au	Genderfluid	130.218.94.51
75	Cindelyn	Ivakhnov	civakhnov22@devhub.com	Polygender	113.159.14.7
76	Levy	McEvay	lmcevay23@google.com.br	Genderfluid	152.87.69.155
77	Roselia	Dales	rdales24@soup.io	Male	251.39.59.29
78	Zeke	Dahlgren	zdahlgren25@tmall.com	Bigender	204.171.65.90
79	Costanza	Waskett	cwaskett26@soup.io	Bigender	17.3.77.251
80	Gaile	Fozzard	gfozzard27@feedburner.com	Non-binary	125.227.246.114
81	Vic	Wherrett	vwherrett28@free.fr	Male	183.162.165.11
82	Rutter	Evitt	revitt29@google.ru	Agender	201.118.94.140
83	Donny	Imesen	dimesen2a@jimdo.com	Female	138.4.163.34
84	Giustino	Byrth	gbyrth2b@dyndns.org	Male	61.92.146.96
85	Allix	Chumley	achumley2c@chron.com	Female	180.219.254.11
86	Dimitri	Gamlin	dgamlin2d@hc360.com	Non-binary	167.41.234.63
87	Simone	Dorey	sdorey2e@oracle.com	Agender	194.37.8.20
88	Farlie	Greader	fgreader2f@w3.org	Male	119.118.11.117
89	Ginnie	Rannie	grannie2g@dailymotion.com	Male	16.245.127.6
90	Anabel	Valler	avaller2h@flavors.me	Polygender	231.237.44.33
91	Roley	Melbury	rmelbury2i@macromedia.com	Polygender	176.81.148.1
92	Hunter	Farrall	hfarrall2j@telegraph.co.uk	Genderfluid	183.22.216.88
93	Sarene	Brookesbie	sbrookesbie2k@bbc.co.uk	Polygender	203.156.179.135
94	Allison	Speariett	aspeariett2l@chron.com	Genderqueer	25.66.25.104
95	Maxi	Klimashevich	mklimashevich2m@irs.gov	Bigender	76.39.11.206
96	Kirstin	Treven	ktreven2n@gnu.org	Genderqueer	127.151.129.213
97	Sukey	Nickless	snickless2o@elegantthemes.com	Non-binary	175.94.136.149
98	Arel	Banaszkiewicz	abanaszkiewicz2p@oaic.gov.au	Non-binary	23.30.100.201
99	Munroe	Defont	mdefont2q@latimes.com	Non-binary	102.56.17.161
100	Inger	Scottrell	iscottrell2r@java.com	Polygender	30.196.56.58